amfi_code,Tracking_Error
119598,0.2866885786369596
120505,0.23266121743560642
149324,0.27903605189963826
100033,0.2249762864379556
120843,0.20653967537989154
